TRUNCATE `area`;
TRUNCATE `region_i18n`;
TRUNCATE `region`;

INSERT INTO `region` (`region_id`, `region_code`)
VALUES
        (1, 'hokkaido'),
        (2, 'tohoku'),
        (3, 'kanto'),
        (4, 'hokuriku'),
        (5, 'tokai'),
        (6, 'kinki'),
        (7, 'chugoku'),
        (8, 'shikoku'),
        (9, 'kyushu'),
        (10, 'okinawa');

INSERT INTO `region_i18n` (`region_id`, `culture`, `name`)
VALUES
        (1, 'jp', '北海道'),
        (2, 'jp', '東北'),
        (3, 'jp', '関東・甲信'),
        (4, 'jp', '北陸'),
        (5, 'jp', '東海'),
        (6, 'jp', '近畿'),
        (7, 'jp', '中国'),
        (8, 'jp', '四国'),
        (9, 'jp', '九州'),
        (10, 'jp', '沖縄'),

        (1, 'en', 'Hokkaido'),
        (2, 'en', 'Tohoku'),
        (3, 'en', 'Kanto, Kousin'),
        (4, 'en', 'Hokuriku'),
        (5, 'en', 'Tokai'),
        (6, 'en', 'Kinki'),
        (7, 'en', 'Chugoku'),
        (8, 'en', 'Shikoku'),
        (9, 'en', 'Kyushu'),
        (10, 'en', 'Okinawa');
        
INSERT INTO `area` (`area_id`, `area_code`, `region_id`)
VALUES
        (1, 'do-hoku', 1),
        (3, 'do-tou', 1),
        (2, 'do-ou', 1),
        (4, 'do-nan', 1),
        (5, 'aomori', 2),
        (6, 'iwate', 2),
        (7, 'miyagi', 2),
        (8, 'akita', 2),
        (9, 'yamagata', 2),
        (10, 'fukushima', 2),
        (16, 'tokyo', 3),
        (17, 'kanagawa', 3),
        (14, 'saitama', 3),
        (15, 'chiba', 3),
        (11, 'ibaraki', 3),
        (12, 'tochigi', 3),
        (13, 'gunma', 3),
        (22, 'yamanashi', 3),
        (23, 'nagano', 3),
        (18, 'niigata', 4),
        (19, 'toyama', 4),
        (20, 'ishikawa', 4),
        (21, 'fukui', 4),
        (26, 'aichi', 5),
        (24, 'gifu', 5),
        (25, 'shizuoka', 5),
        (27, 'mie', 5),
        (30, 'osaka', 6),
        (31, 'hyogo', 6),
        (29, 'kyoto', 6),
        (28, 'shiga', 6),
        (32, 'nara', 6),
        (33, 'wakayama', 6),
        (34, 'tottori', 7),
        (35, 'shimane', 7),
        (36, 'okayama', 7),
        (37, 'hiroshima', 7),
        (38, 'yamaguchi', 7),
        (39, 'tokushima', 8),
        (40, 'kagawa', 8),
        (41, 'ehime', 8),
        (42, 'kouchi', 8),
        (43, 'fukuoka', 9),
        (44, 'saga', 9),
        (45, 'nagasaki', 9),
        (46, 'kumamoto', 9),
        (47, 'oita', 9),
        (48, 'miyazaki', 9),
        (49, 'kagoshima', 9),
        (50, 'okinawa', 10);